{"cameraMode":{"drawMode":0,"name":"Shaded","section":"Shading Mode"},"sceneLighting":false,"audioPlay":false,"sceneViewState":{"m_AlwaysRefresh":false,"showFog":true,"showSkybox":false,"showFlares":true,"showImageEffects":true,"showParticleSystems":true,"showVisualEffectGraphs":true,"m_FxEnabled":true},"in2DMode":false,"pivot":{"x":-1.8266457319259644,"y":-0.3362809121608734,"z":0.23491846024990083},"rotation":{"x":0.10002020746469498,"y":-0.5907613635063171,"z":0.07411476224660874,"w":0.7972034215927124},"size":2.151301383972168,"orthographic":false}